{"cameraMode":{"drawMode":0,"name":"Shaded","section":"Shading Mode"},"sceneLighting":true,"audioPlay":false,"sceneViewState":{"m_AlwaysRefresh":false,"showFog":true,"showSkybox":true,"showFlares":true,"showImageEffects":true,"showParticleSystems":true,"showVisualEffectGraphs":true,"m_FxEnabled":true},"in2DMode":false,"pivot":{"x":0.49536871910095217,"y":2.1166536808013918,"z":1.4764137268066407},"rotation":{"x":-0.05426810309290886,"y":-0.023366348817944528,"z":0.0012704242253676057,"w":-0.99825519323349},"size":8.941353797912598,"orthographic":false}